Model,Matched,Success,Difference,Robustness
gpt-3.5-turbo-1106,6.84765625,7.953125,2.2109375,12.58984375
llama-v2-13b-chat,5.3515625,6.5703125,2.4375,9.484375
mistral-7b-instruct-4k,3.431640625,4.6962890625,2.529296875,5.5986328125
